{
  "indices": [
    5.0,
    21.0
  ],
  "keyframes": [
    {
      "NOSE": {
        "x": 0.5184471011161804,
        "y": 0.4286658763885498,
        "z": 0.4286658763885498,
        "visibility": 0.9999215602874756
      },
      "LEFT_EYE_INNER": {
        "x": 0.5211435556411743,
        "y": 0.42025867104530334,
        "z": 0.42025867104530334,
        "visibility": 0.9997753500938416
      },
      "LEFT_EYE": {
        "x": 0.5228314399719238,
        "y": 0.420809805393219,
        "z": 0.420809805393219,
        "visibility": 0.9996920228004456
      },
      "LEFT_EYE_OUTER": {
        "x": 0.5243211984634399,
        "y": 0.42138907313346863,
        "z": 0.42138907313346863,
        "visibility": 0.9996497631072998
      },
      "RIGHT_EYE_INNER": {
        "x": 0.5151040554046631,
        "y": 0.418935090303421,
        "z": 0.418935090303421,
        "visibility": 0.9998613595962524
      },
      "RIGHT_EYE": {
        "x": 0.512584924697876,
        "y": 0.418723464012146,
        "z": 0.418723464012146,
        "visibility": 0.9998496770858765
      },
      "RIGHT_EYE_OUTER": {
        "x": 0.5103126764297485,
        "y": 0.4188269078731537,
        "z": 0.4188269078731537,
        "visibility": 0.9998450875282288
      },
      "LEFT_EAR": {
        "x": 0.5253593921661377,
        "y": 0.4262934923171997,
        "z": 0.4262934923171997,
        "visibility": 0.9990919828414917
      },
      "RIGHT_EAR": {
        "x": 0.505876898765564,
        "y": 0.42406103014945984,
        "z": 0.42406103014945984,
        "visibility": 0.9998300671577454
      },
      "MOUTH_LEFT": {
        "x": 0.5206684470176697,
        "y": 0.4391835927963257,
        "z": 0.4391835927963257,
        "visibility": 0.9996653199195862
      },
      "MOUTH_RIGHT": {
        "x": 0.5139163136482239,
        "y": 0.4387229382991791,
        "z": 0.4387229382991791,
        "visibility": 0.9998154640197754
      },
      "LEFT_SHOULDER": {
        "x": 0.5350752472877502,
        "y": 0.4729231894016266,
        "z": 0.4729231894016266,
        "visibility": 0.9989867806434631
      },
      "RIGHT_SHOULDER": {
        "x": 0.48686155676841736,
        "y": 0.4674740731716156,
        "z": 0.4674740731716156,
        "visibility": 0.9998616576194763
      },
      "LEFT_ELBOW": {
        "x": 0.5655524730682373,
        "y": 0.500444233417511,
        "z": 0.500444233417511,
        "visibility": 0.7333113551139832
      },
      "RIGHT_ELBOW": {
        "x": 0.4476875066757202,
        "y": 0.48876214027404785,
        "z": 0.48876214027404785,
        "visibility": 0.9851310849189758
      },
      "LEFT_WRIST": {
        "x": 0.5570952296257019,
        "y": 0.5005481243133545,
        "z": 0.5005481243133545,
        "visibility": 0.6811267137527466
      },
      "RIGHT_WRIST": {
        "x": 0.4125846326351166,
        "y": 0.5128431916236877,
        "z": 0.5128431916236877,
        "visibility": 0.9517350792884827
      },
      "LEFT_PINKY": {
        "x": 0.5522693395614624,
        "y": 0.5070508718490601,
        "z": 0.5070508718490601,
        "visibility": 0.6508482098579407
      },
      "RIGHT_PINKY": {
        "x": 0.4021896719932556,
        "y": 0.5200408101081848,
        "z": 0.5200408101081848,
        "visibility": 0.9092553853988647
      },
      "LEFT_INDEX": {
        "x": 0.5480018854141235,
        "y": 0.5018715262413025,
        "z": 0.5018715262413025,
        "visibility": 0.6550081372261047
      },
      "RIGHT_INDEX": {
        "x": 0.4027337431907654,
        "y": 0.5218967199325562,
        "z": 0.5218967199325562,
        "visibility": 0.9099841117858887
      },
      "LEFT_THUMB": {
        "x": 0.5481712222099304,
        "y": 0.5003014206886292,
        "z": 0.5003014206886292,
        "visibility": 0.6452101469039917
      },
      "RIGHT_THUMB": {
        "x": 0.4063207805156708,
        "y": 0.5214892625808716,
        "z": 0.5214892625808716,
        "visibility": 0.8845143914222717
      },
      "LEFT_HIP": {
        "x": 0.5094181299209595,
        "y": 0.6094696521759033,
        "z": 0.6094696521759033,
        "visibility": 0.9996961951255798
      },
      "RIGHT_HIP": {
        "x": 0.48128893971443176,
        "y": 0.6085718274116516,
        "z": 0.6085718274116516,
        "visibility": 0.9997823238372803
      },
      "LEFT_KNEE": {
        "x": 0.5419144034385681,
        "y": 0.6813948750495911,
        "z": 0.6813948750495911,
        "visibility": 0.9955207705497742
      },
      "RIGHT_KNEE": {
        "x": 0.46227219700813293,
        "y": 0.6949018239974976,
        "z": 0.6949018239974976,
        "visibility": 0.9942529201507568
      },
      "LEFT_ANKLE": {
        "x": 0.5168494582176208,
        "y": 0.7675994634628296,
        "z": 0.7675994634628296,
        "visibility": 0.9927711486816406
      },
      "RIGHT_ANKLE": {
        "x": 0.43657705187797546,
        "y": 0.7606006264686584,
        "z": 0.7606006264686584,
        "visibility": 0.9943315386772156
      },
      "LEFT_HEEL": {
        "x": 0.509949266910553,
        "y": 0.7799744009971619,
        "z": 0.7799744009971619,
        "visibility": 0.9536945819854736
      },
      "RIGHT_HEEL": {
        "x": 0.4359875023365021,
        "y": 0.7686614990234375,
        "z": 0.7686614990234375,
        "visibility": 0.9276821613311768
      },
      "LEFT_FOOT_INDEX": {
        "x": 0.5372118353843689,
        "y": 0.8022633790969849,
        "z": 0.8022633790969849,
        "visibility": 0.9866908192634583
      },
      "RIGHT_FOOT_INDEX": {
        "x": 0.42472875118255615,
        "y": 0.8006673455238342,
        "z": 0.8006673455238342,
        "visibility": 0.9872082471847534
      }
    },
    {
      "NOSE": {
        "x": 0.4782227575778961,
        "y": 0.431302011013031,
        "z": 0.431302011013031,
        "visibility": 0.9999718070030212
      },
      "LEFT_EYE_INNER": {
        "x": 0.481707900762558,
        "y": 0.4220062792301178,
        "z": 0.4220062792301178,
        "visibility": 0.9999232888221741
      },
      "LEFT_EYE": {
        "x": 0.4837704002857208,
        "y": 0.42202165722846985,
        "z": 0.42202165722846985,
        "visibility": 0.9999021291732788
      },
      "LEFT_EYE_OUTER": {
        "x": 0.4857844114303589,
        "y": 0.4220559298992157,
        "z": 0.4220559298992157,
        "visibility": 0.9998904466629028
      },
      "RIGHT_EYE_INNER": {
        "x": 0.4761061668395996,
        "y": 0.422199547290802,
        "z": 0.422199547290802,
        "visibility": 0.999933660030365
      },
      "RIGHT_EYE": {
        "x": 0.4742715060710907,
        "y": 0.42232614755630493,
        "z": 0.42232614755630493,
        "visibility": 0.9999220967292786
      },
      "RIGHT_EYE_OUTER": {
        "x": 0.4725872874259949,
        "y": 0.42237764596939087,
        "z": 0.42237764596939087,
        "visibility": 0.9999136328697205
      },
      "LEFT_EAR": {
        "x": 0.4884417951107025,
        "y": 0.4254789352416992,
        "z": 0.4254789352416992,
        "visibility": 0.9997912645339966
      },
      "RIGHT_EAR": {
        "x": 0.4711829721927643,
        "y": 0.4256511628627777,
        "z": 0.4256511628627777,
        "visibility": 0.9999119639396667
      },
      "MOUTH_LEFT": {
        "x": 0.4816383421421051,
        "y": 0.44088461995124817,
        "z": 0.44088461995124817,
        "visibility": 0.999926745891571
      },
      "MOUTH_RIGHT": {
        "x": 0.47465571761131287,
        "y": 0.44153568148612976,
        "z": 0.44153568148612976,
        "visibility": 0.9999532103538513
      },
      "LEFT_SHOULDER": {
        "x": 0.5068936944007874,
        "y": 0.46513405442237854,
        "z": 0.46513405442237854,
        "visibility": 0.9998016953468323
      },
      "RIGHT_SHOULDER": {
        "x": 0.45825913548469543,
        "y": 0.4749816358089447,
        "z": 0.4749816358089447,
        "visibility": 0.9999468326568604
      },